id,title,price,currency_id,available_quantity,condition
MLA918072516,Google Nest Mini Nest Mini 2nd Gen Con Asistente Virtual Google Assistant Chalk 110v/220v,61740.5,ARS,500,new
MLA1389173603,"Google Nest Hub Con Asistente Virtual Google Assistant, Pantalla Integrada De 7  Charcoal 110v/220v",184992.6,ARS,500,new
MLA934111387,"Google Nest Hub Con Asistente Virtual Google Assistant, Pantalla Integrada De 7  Chalk 110v/220v",184995.0,ARS,1,new
MLA1127771299,Google Home Mini Con Asistente Virtual Google Assistant Coral 110v/220v,70301.1,ARS,500,new
MLA1376911913,Google Home Mini Con Asistente Virtual Google Assistant Chalk 110v/220v,128999.0,ARS,1,new
MLA1392974207,Google Home Mini Con Asistente Virtual Google Assistant Charcoal 110v/220v,89662.0,ARS,1,new
MLA1125948601,Combo Google Home Mini + Chromecast 2 Ga00379-us,98792.4,ARS,500,new
MLA873351413,Google Home Mini Asistente Virtual Bulk - Sin Caja - Envío ,56994.0,ARS,1,new
MLA1384134643,Google Home Mini Versión Bulk/ Sin Caja/ Cargador Original!,58588.0,ARS,1,new
MLA1597470910,Google Home Mini Con Google Assistant Negro Reacondicionado,47499.05,ARS,500,new
MLA1597574484,Parlante Google Home Mini Asistente Virtual Refabricado,47499.05,ARS,500,new
MLA1398793543,Google Home Mini Con Asistente Virtual Google Assistant Ref,53190.5,ARS,500,new
MLA1597457958,Google Home Mini Con Asistente Virtual  Charcoal Refabricado,49999.0,ARS,500,new
MLA873351456,Google Home Mini Asistente - Bulk - Sin Caja - Fuente 220v ,58587.0,ARS,1,new
MLA873646326,Google Home Mini Asistente Virtual Bulk - Sin Caja - Oferta!,58585.0,ARS,1,new
MLA1125935779,Google Home Mini + Chromecast 2nd Generation Netflix Spotify,101190.8,ARS,500,new
MLA930506223,Soporte Montaje Embutido Pared Google Home Hub Mountgenie,17000.0,ARS,1,new
MLA1400539531,Google Home Mini Asistente Virtual Google Assistant Ref,64990.0,ARS,1,new
MLA1392445767,Google Home Mini Asistente Virtual Bulk Sin Caja Original +,88499.0,ARS,1,new
MLA1597677282,Parlante Google Home Mini Asistente Virtual Wifi Refabricado,66490.5,ARS,500,new
MLA1392498187,Google Home Mini Asistente Virtual Bulk Bolsa Nuevo Gtia +,88499.0,ARS,1,new
MLA1110314122,Soporte Pared 45º Google Home Hub Base 138x60mm Nextsale,8455.0,ARS,5000,new
MLA1110377590,Soporte De Pared Google Mini Home / Nest Mini 2da Generacion,8455.0,ARS,5000,new
MLA856426768,Google Home Hub Parlante Asistente Virtual Smart Premium,439990.0,ARS,500,new
MLA856427510,Asistente Virtual Google Home Hub Parlante Voice Match Cuota,439990.0,ARS,500,new
MLA1597677284,Parlante Google Home Mini Google Assistant Wifi Refabricado,66490.5,ARS,500,new
MLA1392446181,Google Home Mini Asistente Virtual Bulk Sin Caja C/ Cargador,58999.0,ARS,1,new
MLA1154268993,Combo Google Home Mini + Chromecast 2 Asistente Virtuales,123490.5,ARS,500,new
MLA1597677286,Speaker Google Home Mini Con Asistente Virtual  Refabricado,66490.5,ARS,500,new
MLA1398845395,Google Home Mini Con Asistente Virtual Chalk 110v/220v Ref,53190.5,ARS,500,new
MLA1400506527,Google Home Mini Multi-room Google Assistant Refabricado,84990.0,ARS,1,new
MLA873352268,Google Home Mini /bulk - Sin Caja + Cuot.s S/ Inter.s ,85998.0,ARS,1,new
MLA1398832615,Google Home Mini Con Asistente Virtual Bluetooth Ref,68390.5,ARS,500,new
MLA1149361692,Asistente Google Nest Hub Pantalla Smart Tactil 7´´ ,191994.0,ARS,1,new
MLA856428537,Asistente Virtual Google Home Hub Pantalla 7 Smart Nest Wifi,324990.0,ARS,500,new
MLA873350814,Google Home Mini Asistente Virtual Bulk - Sin Caja / Cuot.s!,85997.0,ARS,1,new
MLA856423988,Asistente Virtual Google Home Hub Smart Pantalla 7 Wifi Bt ,246992.4,ARS,500,new
MLA1683844336,Google Home Max Con Asistente Virtual Google Assistant Chalk 100v/240v,671724.0,ARS,1,new
MLA912014012,Soporte De Pared Google Mini Home / Nest Mini 2da Generacion,3999.0,ARS,1,new
MLA833417329,Google Home Mini Asistente Virtual Parlante Original Español,105800.0,ARS,1,new
MLA1412976451,Google Home Hub Control Por Voz Pantalla Hd 7  Blanco/gris,256490.5,ARS,1,new
MLA1693634994,Google Home Hub Pantalla Hd 7  Wi-fi Bluetooth Sensor De Luz,309390.9,ARS,1,new
MLA857710195,Soporte De Pared A 45º Google Home Hub - Base 138x60mm,7999.0,ARS,1,new
MLA857704576,Soporte De Pared Google Home Hub Max - Base 198x84mm,4999.0,ARS,1,new
MLA1400076445,Google Nest Mini/2da Gen/version Brasil,75999.0,ARS,1,new
MLA1759649436,Google Home Mini ,128000.0,ARS,1,new
MLA1401436623,Asistente De Google Nest Mini Gray,283080.0,ARS,1,new
MLA873351615,Google Home Mini Asistente Virtual Bulk - Sin Caja - Cuot.s,85995.0,ARS,1,new
MLA1400957805,Google Home Asistente Virtual Google Assistant White Y Slate,130000.0,ARS,1,used
